{
  "Version": "0.0",
  "LogLevel": "Verbose",
  "workaroundForQuerySOAPBugEnabled": false,
  "Source": {
    "$type": "TfsTeamProjectConfig",
    "Collection": "https://dev.azure.com/nkdagility-preview/",
    "Project": "migrationSource1",
    "ReflectedWorkItemIDFieldName": "Custom.ReflectedWorkItemId",
    "AuthenticationMode": "Prompt",
    "AllowCrossProjectLinking": false,
    "PersonalAccessToken": "qosss7crwz3vie4fupzpaafjndoy6g6ulgkzhoxtmjgicv2lqjyq",
    "LanguageMaps": {
      "AreaPath": "Area",
      "IterationPath": "Iteration"
    }
  },
  "Target": {
    "$type": "TfsTeamProjectConfig",
    "Collection": "https://dev.azure.com/nkdagility-preview/",
    "Project": "migrationTarget1",
    "ReflectedWorkItemIDFieldName": "nkdScrum.ReflectedWorkItemId",
    "AuthenticationMode": "Prompt",
    "AllowCrossProjectLinking": false,
    "PersonalAccessToken": "qosss7crwz3vie4fupzpaafjndoy6g6ulgkzhoxtmjgicv2lqjyq",
    "LanguageMaps": {
      "AreaPath": "Area",
      "IterationPath": "Iteration"
    }
  },
  "FieldMaps": [
    {
      "$type": "TreeToTagMapConfig",
      "WorkItemTypeName": "*",
      "toSkip": 3,
      "timeTravel": 1
    }
  ],
  "WorkItemTypeDefinition": {
    "sourceWorkItemTypeName": "targetWorkItemTypeName"
  },
  "GitRepoMapping": null,
  "Processors": [
    {
      "$type": "WorkItemDeleteConfig",
      "Enabled": true,
      "WIQLQueryBit": "AND [System.WorkItemType] NOT IN ('Test Suite', 'Test Plan')",
      "WIQLOrderBit": "[System.ChangedDate] desc"
    },
    //{
    //  "$type": "WorkItemMigrationConfig",
    //  "ReplayRevisions": true,
    //  "PrefixProjectToNodes": false,
    //  "UpdateCreatedDate": true,
    //  "UpdateCreatedBy": true,
    //  "BuildFieldTable": false,
    //  "AppendMigrationToolSignatureFooter": false,
    //  "WIQLQueryBit": "AND [System.WorkItemType] NOT IN ('Test Suite', 'Test Plan')",
    //  "WIQLOrderBit": "[System.ChangedDate] desc",
    //  "Enabled": true,
    //  "LinkMigration": true,
    //  "AttachmentMigration": true,
    //  "AttachmentWorkingPath": "c:\\temp\\WorkItemAttachmentWorkingFolder\\",
    //  "FixHtmlAttachmentLinks": false,
    //  "SkipToFinalRevisedWorkItemType": false,
    //  "WorkItemCreateRetryLimit": 5,
    //  "FilterWorkItemsThatAlreadyExistInTarget": true,
    //  "PauseAfterEachWorkItem": false,
    //  "AttachmentMaxSize": 480000000,
    //  "CollapseRevisions": false,
    //  "LinkMigrationSaveEachAsAdded": true
    //},
    {
      "$type": "WorkItemMigrationConfig",
      "ReplayRevisions": true,
      "PrefixProjectToNodes": false,
      "UpdateCreatedDate": true,
      "UpdateCreatedBy": true,
      "BuildFieldTable": false,
      "AppendMigrationToolSignatureFooter": false,
      "WIQLQueryBit": "AND [System.WorkItemType] NOT IN ('Test Suite', 'Test Plan')",
      "WIQLOrderBit": "[System.ChangedDate] desc",
      "Enabled": true,
      "LinkMigration": true,
      "AttachmentMigration": true,
      "AttachmentWorkingPath": "c:\\temp\\WorkItemAttachmentWorkingFolder\\",
      "FixHtmlAttachmentLinks": false,
      "SkipToFinalRevisedWorkItemType": true,
      "WorkItemCreateRetryLimit": 5,
      "FilterWorkItemsThatAlreadyExistInTarget": false,
      "PauseAfterEachWorkItem": false,
      "AttachmentMaxSize": 480000000,
      "CollapseRevisions": false,
      "LinkMigrationSaveEachAsAdded": true
    }
  ]
}